{"cameraMode":{"drawMode":0,"name":"Shaded","section":"Shading Mode"},"sceneLighting":false,"audioPlay":false,"sceneViewState":{"showFog":true,"showMaterialUpdate":false,"showSkybox":false,"showFlares":true,"showImageEffects":true,"showParticleSystems":true},"in2DMode":false,"pivot":{"x":-0.46673500537872317,"y":-0.1097257137298584,"z":-0.2596144676208496},"rotation":{"x":-0.28609439730644228,"y":0.24289654195308686,"z":-0.07521817088127136,"w":-0.9238520860671997},"size":1.144948959350586,"orthographic":false}