{"cameraMode":{"drawMode":0,"name":"Shaded","section":"Shading Mode"},"sceneLighting":true,"audioPlay":false,"sceneViewState":{"showFog":true,"showMaterialUpdate":false,"showSkybox":true,"showFlares":true,"showImageEffects":true,"showParticleSystems":true},"in2DMode":false,"pivot":{"x":196.51455688476563,"y":18.58588409423828,"z":39.98316192626953},"rotation":{"x":0.09470153599977493,"y":0.8740912675857544,"z":-0.1893322616815567,"w":0.43721210956573489},"size":116.39356994628906,"orthographic":false}