{"cameraMode":{"drawMode":0,"name":"Shaded","section":"Shading Mode"},"sceneLighting":true,"audioPlay":false,"sceneViewState":{"showFog":true,"showMaterialUpdate":false,"showSkybox":true,"showFlares":true,"showImageEffects":true,"showParticleSystems":true},"in2DMode":false,"pivot":{"x":-3.266432762145996,"y":5.818161487579346,"z":-0.12645433843135835},"rotation":{"x":0.18761882185935975,"y":0.18730397522449494,"z":-0.03646869584918022,"w":0.9635423421859741},"size":6.931776523590088,"orthographic":false}