{"cameraMode":{"drawMode":0,"name":"Shaded","section":"Shading Mode"},"sceneLighting":true,"audioPlay":false,"sceneViewState":{"showFog":true,"showMaterialUpdate":false,"showSkybox":true,"showFlares":true,"showImageEffects":true,"showParticleSystems":true},"in2DMode":false,"pivot":{"x":-2.168072462081909,"y":6.462337493896484,"z":-6.533737659454346},"rotation":{"x":-0.004793473519384861,"y":0.08150587230920792,"z":-0.0003920157323591411,"w":-0.9966627955436707},"size":3.3073947429656984,"orthographic":false}